{"stats":{"minecraft:mined":{"minecraft:grass":10},"minecraft:used":{"minecraft:bread":1},"minecraft:custom":{"minecraft:jump":153,"minecraft:open_chest":1,"minecraft:time_since_rest":2543,"minecraft:damage_dealt":10,"minecraft:leave_game":1,"minecraft:sprint_one_cm":11694,"minecraft:play_time":2543,"minecraft:damage_taken":20,"minecraft:time_since_death":2543,"minecraft:walk_one_cm":2502,"minecraft:sneak_time":1,"minecraft:total_world_time":2543,"minecraft:fall_one_cm":6444,"minecraft:fly_one_cm":53896}},"DataVersion":3120}