{"stats":{"minecraft:mined":{"minecraft:grass":30,"minecraft:oak_log":9,"minecraft:grass_block":2,"minecraft:tall_grass":11,"minecraft:dandelion":1,"minecraft:oak_leaves":2},"minecraft:used":{"minecraft:dirt":2,"minecraft:oak_sapling":1},"minecraft:picked_up":{"minecraft:feather":2,"minecraft:chicken":1,"minecraft:wheat_seeds":4,"minecraft:oak_log":9,"minecraft:oak_sapling":1,"minecraft:mutton":4,"minecraft:dirt":2,"minecraft:white_wool":3},"minecraft:custom":{"minecraft:time_since_rest":47151,"minecraft:crouch_one_cm":201,"minecraft:sprint_one_cm":14820,"minecraft:play_time":47151,"minecraft:walk_one_cm":13735,"minecraft:sneak_time":43,"minecraft:mob_kills":5,"minecraft:jump":139,"minecraft:damage_dealt":290,"minecraft:leave_game":3,"minecraft:time_since_death":47151,"minecraft:total_world_time":47151,"minecraft:fall_one_cm":3193,"minecraft:fly_one_cm":21227},"minecraft:crafted":{"minecraft:oak_planks":36},"minecraft:killed":{"minecraft:sheep":3,"minecraft:chicken":1}},"DataVersion":3120}